etapa,manzana,lote,area,precio,ubicacion
1,F,1,90.08,39000.0,ESQUINA
1,F,2,91.51,37000.0,MEDIANERO
1,F,3,162.21,55151.4,ESQUINA
1,F,4,90.0,36700.0,MEDIANERO
1,F,5,90.0,36700.0,MEDIANERO
1,F,6,90.0,36700.0,MEDIANERO
1,F,7,90.0,36700.0,MEDIANERO
1,F,8,90.0,36700.0,MEDIANERO
1,F,9,90.0,36700.0,MEDIANERO
1,F,10,90.0,36700.0,MEDIANERO
1,F,11,90.0,36700.0,MEDIANERO
1,F,12,90.0,36700.0,MEDIANERO
1,F,13,90.0,36700.0,MEDIANERO
1,F,14,98.97,42000.0,F/CENTRO/C
1,F,15,103.39,45000.0,ESQ/FRE/CC
1,F,16,90.0,36700.0,MEDIANERO
1,F,17,90.0,36700.0,MEDIANERO
1,F,18,90.0,36700.0,MEDIANERO
1,F,19,90.0,36700.0,MEDIANERO
1,F,20,90.0,36700.0,MEDIANERO
1,F,21,90.0,36700.0,MEDIANERO
1,F,22,90.0,36700.0,MEDIANERO
1,F,23,90.0,36700.0,MEDIANERO
1,F,24,90.0,36700.0,MEDIANERO
1,F,25,90.0,36700.0,MEDIANERO
1,F,26,90.0,36700.0,MEDIANERO
1,F,27,90.0,36700.0,MEDIANERO
1,G,1,147.7,62218.0,ESQUINA
1,G,2,92.39,39600.0,MEDIANERO
1,G,3,91.97,39600.0,MEDIANERO
1,G,4,95.9,42800.0,MEDIANERO
1,G,5,99.83,47800.0,ESQUINA
1,G,6,90.0,36700.0,MEDIANERO
1,G,7,90.0,36700.0,MEDIANERO
1,G,8,90.0,36700.0,MEDIANERO
1,G,9,90.0,36700.0,MEDIANERO
1,G,10,90.0,36700.0,MEDIANERO
1,G,11,90.0,36700.0,MEDIANERO
1,G,12,90.0,36700.0,MEDIANERO
1,G,13,90.0,36700.0,MEDIANERO
1,G,14,90.0,36700.0,MEDIANERO
1,G,15,90.0,36700.0,MEDIANERO
1,G,16,90.0,36700.0,MEDIANERO
1,G,17,123.91,51000.0,ESQUINA
1,G,18,117.59,44000.0,MEDIANERO
1,G,19,121.47,51000.0,ESQUINA
1,G,20,90.0,36700.0,MEDIANERO
1,G,21,90.0,36700.0,MEDIANERO
1,G,22,90.0,36700.0,MEDIANERO
1,G,23,90.0,36700.0,MEDIANERO
1,G,24,90.0,36700.0,MEDIANERO
1,G,25,90.0,36700.0,MEDIANERO
1,G,26,90.0,36700.0,MEDIANERO
1,G,27,90.0,36700.0,MEDIANERO
1,G,28,90.0,36700.0,MEDIANERO
1,G,29,90.0,36700.0,MEDIANERO
1,G,30,98.16,39200.0,MEDIANERO
1,H,1,111.31,40610.25,ESQUINA
1,H,2,129.78,46338.4,ESQ/ALAME
1,H,3,178.14,55425.7,MEDIANERO
1,H,4,104.16,36560.8,MEDIANERO
1,H,5,104.16,36560.8,MEDIANERO
1,H,6,104.16,36560.8,MEDIANERO
1,H,7,104.16,36560.8,MEDIANERO
1,H,8,104.16,36560.8,MEDIANERO
1,H,9,104.16,36560.8,MEDIANERO
1,H,10,104.16,36560.8,MEDIANERO
1,H,11,104.16,36560.8,MEDIANERO
1,H,12,96.49,36534.75,ESQUINA
1,H,13,91.84,33419.2,MEDIANERO
1,H,14,90.44,33062.2,MEDIANERO
1,H,15,89.8,34695.0,ESQUINA
1,H,16,104.16,36560.8,MEDIANERO
1,H,17,104.16,36560.8,MEDIANERO
1,H,18,104.16,36560.8,MEDIANERO
1,H,19,104.16,36560.8,MEDIANERO
1,H,20,104.16,36560.8,MEDIANERO
1,H,21,104.16,36560.8,MEDIANERO
1,H,22,104.16,36560.8,MEDIANERO
1,H,23,104.16,36560.8,MEDIANERO
1,H,24,104.16,36560.8,MEDIANERO
1,H,25,104.16,36560.8,MEDIANERO
1,H,26,104.16,36560.8,MEDIANERO
1,I,1,126.1,35308.0,ESQUINA/PARQUE
1,I,2,86.22,22417.2,FRE/PARQ
1,I,3,86.08,22380.8,FRE/PARQ
1,I,4,86.95,22607.0,FRE/PARQ
1,I,5,87.27,22690.2,FRE/PARQ
1,I,6,87.64,22786.4,MEDIANERO
1,I,7,87.99,22877.4,MEDIANERO
1,I,8,88.34,22968.4,MEDIANERO
1,I,9,88.7,23062.0,MEDIANERO
1,I,10,115.12,32233.6,ESQUINA
1,I,11,133.65,37422.0,ESQUINA
1,I,12,90.0,23400.0,MEDIANERO
1,I,13,90.0,23400.0,MEDIANERO
1,I,14,90.0,23400.0,MEDIANERO
1,I,15,90.0,23400.0,FRE/PARQ
1,J,1,123.85,34678.0,ESQUINA
1,J,2,101.96,26509.6,MEDIANERO
1,J,3,100.72,26187.2,MEDIANERO
1,J,4,100.19,28053.2,ESQUINA
1,J,5,90.0,25200.0,FRE/PARQ
1,J,6,90.0,25200.0,FRE/PARQ
1,J,7,90.0,25200.0,FRE/PARQ
1,J,8,90.0,23400.0,MEDIANERO
1,J,9,90.0,23400.0,MEDIANERO
1,J,10,90.0,23400.0,MEDIANERO
1,J,11,90.0,23400.0,MEDIANERO
1,J,12,90.0,23400.0,MEDIANERO
1,J,13,119.24,33387.2,ESQUINA
1,J,14,100.62,26161.2,MEDIANERO
1,J,15,100.19,26049.4,MEDIANERO
1,J,16,100.77,28215.6,ESQUINA
1,J,17,90.0,23400.0,MEDIANERO
1,J,18,90.0,23400.0,MEDIANERO
1,J,19,90.0,23400.0,MEDIANERO
1,J,20,90.0,23400.0,MEDIANERO
1,J,21,90.0,23400.0,MEDIANERO
1,J,22,90.0,23400.0,MEDIANERO
1,J,23,90.0,23400.0,MEDIANERO
1,J,24,90.0,23400.0,MEDIANERO
1,L,1,90.0,25200.0,ESQUINA
1,L,2,90.04,23410.4,MEDIANERO
1,L,3,100.27,26070.2,MEDIANERO
1,L,4,142.61,37078.6,MEDIANERO
1,L,5,94.83,24655.8,MEDIANERO
1,L,6,94.83,24655.8,MEDIANERO
1,L,7,94.83,24655.8,MEDIANERO
1,L,8,94.83,24655.8,MEDIANERO
1,L,9,94.83,24655.8,MEDIANERO
1,L,10,94.83,24655.8,MEDIANERO
1,L,11,94.21,27320.9,ESQ/F/PARQ
1,L,12,90.04,25661.4,FRE/PARQ
1,L,13,90.41,26218.9,ESQ/F/PARQ
1,L,14,90.0,23400.0,MEDIANERO
1,L,15,90.0,23400.0,MEDIANERO
1,L,16,90.0,23400.0,MEDIANERO
1,L,17,90.0,23400.0,MEDIANERO
1,L,18,90.0,23400.0,MEDIANERO
1,L,19,81.08,21080.8,MEDIANERO
1,M,1,140.31,49286.8,ESQUINA
1,M,2,115.58,40050.8,MEDIANERO
1,M,3,90.0,33400.0,MEDIANERO
1,M,4,90.0,33400.0,MEDIANERO
1,M,5,90.0,33400.0,MEDIANERO
1,M,6,90.0,33400.0,MEDIANERO
1,M,7,90.0,33400.0,MEDIANERO
1,M,8,90.0,33400.0,MEDIANERO
1,M,9,90.0,33400.0,MEDIANERO
1,M,10,90.0,33400.0,MEDIANERO
1,M,11,90.0,33400.0,MEDIANERO
1,M,12,90.0,33400.0,MEDIANERO
1,M,13,90.0,33400.0,MEDIANERO
1,M,14,90.0,33400.0,MEDIANERO
1,M,15,90.0,33400.0,MEDIANERO
1,M,16,90.15,35242.0,ESQUINA
1,M,17,90.12,33431.2,MEDIANERO
1,M,18,87.06,34376.8,ESQUINA
1,M,19,90.0,33400.0,MEDIANERO
1,M,20,90.0,33400.0,MEDIANERO
1,M,21,90.0,33400.0,MEDIANERO
1,M,22,90.0,33400.0,MEDIANERO
1,M,23,90.0,33400.0,MEDIANERO
1,M,24,90.0,33400.0,MEDIANERO
1,M,25,90.0,33400.0,MEDIANERO
1,M,26,90.0,33400.0,MEDIANERO
1,M,27,90.0,33400.0,MEDIANERO
1,M,28,90.0,33400.0,MEDIANERO
1,M,29,90.0,33400.0,MEDIANERO
1,M,30,90.0,33400.0,MEDIANERO
1,M,31,90.0,33400.0,MEDIANERO
1,M,32,90.0,33400.0,MEDIANERO
1,N,1,90.0,26100.0,ESQUINA/PARQUE
1,N,2,90.0,25200.0,MEDIANERO
1,N,3,90.0,25200.0,MEDIANERO
1,N,4,90.0,25200.0,MEDIANERO
1,N,5,90.0,25200.0,MEDIANERO
1,N,6,90.0,25200.0,MEDIANERO
1,N,7,90.0,25200.0,MEDIANERO
1,N,8,90.0,25200.0,MEDIANERO
1,N,9,143.52,41620.8,ESQUINA
1,N,10,153.14,44410.6,ESQUINA
1,N,11,90.0,25200.0,MEDIANERO
1,N,12,90.0,25200.0,MEDIANERO
1,N,13,90.0,25200.0,MEDIANERO
1,N,14,90.0,25200.0,MEDIANERO
1,N,15,90.0,25200.0,MEDIANERO
1,N,16,90.0,25200.0,MEDIANERO
1,N,17,90.0,25650.0,FRE/ALAMEDA
1,N,18,90.0,25650.0,FRE/ALAMEDA
1,N,19,90.0,25650.0,FRE/ALAMEDA
1,N,20,90.0,25650.0,FRE/ALAMEDA
1,N,21,91.08,26413.2,ESQUINA/PARQUE
1,Ñ,1,121.94,36582.0,ESQ/F/ALAMEDA
1,Ñ,2,90.0,26100.0,FRE/ALAMEDA
1,Ñ,3,90.0,26100.0,FRE/ALAMEDA
1,Ñ,4,90.0,26100.0,FRE/ALAMEDA
1,Ñ,5,90.0,26100.0,FRE/ALAMEDA
1,Ñ,6,90.0,26100.0,FRE/ALAMEDA
1,Ñ,7,90.0,26100.0,FRE/ALAMEDA
1,Ñ,8,90.0,26100.0,FRE/ALAMEDA
1,Ñ,9,90.0,26100.0,FRE/ALAMEDA
1,Ñ,10,90.0,26100.0,FRE/ALAMEDA
1,Ñ,11,90.0,26100.0,FRE/ALAMEDA
1,Ñ,12,128.33,38499.0,ESQ/F/ALAMEDA
1,Ñ,13,92.48,27281.6,ESQUINA
1,Ñ,14,90.0,23850.0,MEDIANERO
1,Ñ,15,90.0,23850.0,MEDIANERO
1,Ñ,16,90.0,23850.0,MEDIANERO
1,Ñ,17,90.0,23850.0,MEDIANERO
1,Ñ,18,90.0,23850.0,MEDIANERO
1,Ñ,19,90.0,23850.0,MEDIANERO
1,Ñ,20,90.0,23850.0,MEDIANERO
1,Ñ,21,90.0,23850.0,MEDIANERO
1,Ñ,22,90.0,23850.0,MEDIANERO
1,Ñ,23,128.41,37880.95,ESQUINA
1,O,1,96.7,41911.0,ESQ/F/PARQ
1,O,2,90.0,37900.0,MEDIANERO
1,O,3,90.0,37900.0,MEDIANERO
1,O,4,90.0,37900.0,MEDIANERO
1,O,5,90.0,37900.0,MEDIANERO
1,O,6,90.0,37900.0,MEDIANERO
1,O,7,90.0,37900.0,MEDIANERO
1,O,8,90.0,37900.0,MEDIANERO
1,O,9,90.0,37900.0,MEDIANERO
1,O,10,90.0,37900.0,MEDIANERO
1,O,11,90.0,37900.0,MEDIANERO
1,O,12,88.24,39119.2,ESQ/F/ALAMEDA
1,O,13,90.12,39289.0,FRE/ALAMEDA
1,O,14,87.07,38733.1,ESQ/F/ALAMEDA
1,O,15,90.0,37900.0,FRE/ALAMEDA
1,O,16,90.0,37900.0,FRE/ALAMEDA
1,O,17,90.0,37900.0,FRE/ALAMEDA
1,O,18,90.0,37900.0,FRE/ALAMEDA
1,O,19,90.0,37900.0,FRE/ALAMEDA
1,O,20,90.0,37900.0,FRE/ALAMEDA
1,O,21,90.0,37900.0,FRE/ALAMEDA
1,O,22,90.0,37900.0,FRE/ALAMEDA
1,O,23,90.0,37900.0,FRE/ALAMEDA
1,O,24,90.0,37900.0,FRE/ALAMEDA
1,O,25,108.1,45673.0,ESQ/F/PARQ
1,P,1,83.07,37413.1,ESQ/F/PARQ
1,P,2,85.0,36350.0,MEDIANERO
1,P,3,109.89,44065.9,MEDIANERO
1,P,4,96.11,39794.1,MEDIANERO
1,P,5,100.76,41235.6,MEDIANERO
1,P,6,90.0,37900.0,MEDIANERO
1,P,7,90.0,37900.0,MEDIANERO
1,P,8,90.0,37900.0,MEDIANERO
1,P,9,90.0,37900.0,MEDIANERO
1,P,10,90.0,37900.0,MEDIANERO
1,P,11,90.0,37900.0,MEDIANERO
1,P,12,90.0,37900.0,MEDIANERO
1,P,13,93.71,40924.3,ESQ/F/ALAMEDA
1,P,14,94.33,40657.25,FRE/ALAMEDA
1,P,15,90.07,39723.1,ESQ/F/ALAMEDA
1,P,16,90.0,37900.0,MEDIANERO
1,P,17,90.0,37900.0,MEDIANERO
1,P,18,90.0,37900.0,MEDIANERO
1,P,19,90.0,37900.0,MEDIANERO
1,P,20,90.0,37900.0,MEDIANERO
1,P,21,90.0,37900.0,MEDIANERO
1,P,22,90.0,37900.0,MEDIANERO
1,P,23,90.0,37900.0,MEDIANERO
1,P,24,90.0,37900.0,MEDIANERO
1,P,25,90.0,37900.0,MEDIANERO
1,P,26,90.0,37900.0,MEDIANERO
1,P,27,95.05,41366.5,ESQ/F/PARQ
1,P,28,105.5,44287.5,FRE/PARQ
1,P,29,102.15,43198.75,FRE/PARQ
1,Q,1,93.02,35580.5,ESQUINA
1,Q,2,101.77,37986.75,ESQUINA
1,Q,3,90.0,32950.0,MEDIANERO
1,Q,4,90.0,32950.0,MEDIANERO
1,Q,5,90.0,32950.0,MEDIANERO
1,Q,6,90.0,32950.0,MEDIANERO
1,Q,7,93.25,35643.75,ESQUINA
1,Q,8,99.7,37417.5,ESQUINA
1,Q,9,90.0,32950.0,MEDIANERO
1,Q,10,90.0,32950.0,MEDIANERO
1,Q,11,90.0,32950.0,MEDIANERO
1,Q,12,90.0,32950.0,MEDIANERO
1,R,1,102.27,39146.95,ESQ/F/ALAMEDA
1,R,2,94.52,34102.6,MEDIANERO
1,R,3,94.52,34102.6,MEDIANERO
1,R,4,94.52,35993.0,ESQUINA
1,R,5,97.28,34806.4,MEDIANERO
1,R,6,97.17,34778.35,MEDIANERO
1,R,7,92.63,33620.65,MEDIANERO
1,R,8,100.52,37643.0,ESQUINA
1,R,9,90.0,32950.0,MEDIANERO
1,R,10,100.63,38679.55,ESQ/F/ALAMEDA
1,R,11,104.63,39296.4,FRE/ALAMEDA
1,R,12,112.24,41427.2,FRE/ALAMEDA
1,R,13,104.19,39173.2,FRE/ALAMEDA
1,R,14,97.28,37238.4,FRE/ALAMEDA
1,R,15,90.4,35312.0,FRE/ALAMEDA
1,T,1,98.03,31369.6,ESQUINA
1,T,2,95.23,29521.3,MEDIANERO
1,T,3,92.43,28653.3,MEDIANERO
1,T,4,89.64,27788.4,MEDIANERO
1,T,5,86.84,27788.8,ESQUINA
1,T,6,90.0,27900.0,MEDIANERO
1,T,7,90.0,27900.0,MEDIANERO
1,T,8,90.0,27900.0,MEDIANERO
1,T,9,90.0,27900.0,MEDIANERO
1,T,10,90.0,29250.0,FRE/PARQUE
1,T,11,90.0,29250.0,FRE/PARQUE
1,T,12,90.0,29250.0,FRE/PARQUE
1,T,13,90.0,29250.0,FRE/PARQUE
1,T,14,90.0,29250.0,FRE/PARQUE
1,T,15,90.0,29250.0,FRE/PARQUE
1,T,16,90.0,29250.0,FRE/PARQUE
1,T,17,96.08,31706.4,ESQ/FRE/PARQ
1,T,18,114.14,37095.5,FRE/PARQUE
1,T,19,87.21,28343.25,FRE/PARQUE
1,T,20,103.37,34112.1,ESQ/FRE/PARQ
1,T,21,90.0,27900.0,MEDIANERO
1,T,22,90.0,27900.0,MEDIANERO
1,T,23,90.0,27900.0,MEDIANERO
1,T,24,90.0,27900.0,MEDIANERO
1,T,25,90.0,27900.0,MEDIANERO
1,T,26,90.0,27900.0,MEDIANERO
1,T,27,90.0,27900.0,MEDIANERO
1,T,28,90.0,27900.0,MEDIANERO
1,T,29,90.0,27900.0,MEDIANERO
1,T,30,90.0,27900.0,MEDIANERO
1,T,31,90.0,27900.0,MEDIANERO
1,T,32,90.0,27900.0,MEDIANERO
1,U,1,111.43,46771.9,ESQ/FRE/PARQ
1,U,2,131.92,52874.0,FRE/PARQUE
1,U,3,145.13,57892.9,ESQ/FRE/PARQ
1,U,4,91.62,39776.5,FRE/PARQUE
1,U,5,93.06,40709.8,ESQ/FRE/PARQ
1,W,1,101.31,44298.61,ESQ/F/PARQ
1,W,2,90.0,37900.0,MEDIANERO
1,W,3,90.0,37900.0,MEDIANERO
1,W,4,90.0,37900.0,MEDIANERO
1,W,5,90.0,37900.0,MEDIANERO
1,W,6,90.0,37900.0,MEDIANERO
1,W,7,138.96,60601.85,ESQUINA
1,W,8,146.91,64237.57,ESQ/F/PARQ
1,W,9,90.0,38700.0,FRE/PARQUE
1,W,10,90.0,38700.0,FRE/PARQUE
1,W,11,90.0,38700.0,FRE/PARQUE
1,W,12,90.0,38700.0,FRE/PARQUE
1,W,13,124.4,54398.21,ESQ/F/PARQ
1,X,1,109.89,36263.7,ESQ/F/ALAMEDA
1,X,2,108.57,34742.4,FRE/ALAMEDA
1,X,3,105.39,33724.8,FRE/ALAMEDA
1,X,4,102.21,32707.2,FRE/ALAMEDA
1,X,5,99.04,31692.8,FRE/ALAMEDA
1,X,6,116.29,39500.0,ESQ/F/ALAMEDA
1,Y,1,109.71,46204.3,ESQ/F/ALAMEDA
1,Y,2,147.26,58595.8,ESQ/F/ALAMEDA
1,Y,3,90.0,37900.0,MEDIANERO
1,Y,4,90.0,37900.0,MEDIANERO
1,Y,5,90.0,37900.0,MEDIANERO
1,Y,6,90.0,37900.0,MEDIANERO
1,Y,7,91.61,39315.2,ESQUINA
1,Y,8,99.38,42795.4,ESQ/F/ALAMEDA
1,Y,9,90.0,38800.0,FRE/ALAMEDA
1,Y,10,90.0,38800.0,FRE/ALAMEDA
1,Y,11,90.0,38800.0,FRE/ALAMEDA
1,Y,12,90.0,38800.0,FRE/ALAMEDA
1,A',1,123.55,39536.0,FRE/ALAMEDA
1,A',2,122.39,40388.7,ESQ/F/ALAMEDA
1,A',3,103.25,32007.5,MEDIANERO
1,A',4,97.46,30212.6,MEDIANERO
1,A',5,91.68,28420.8,MEDIANERO
1,A',6,91.79,28454.9,MEDIANERO
1,A',7,100.31,31096.1,MEDIANERO
1,A',8,90.53,28064.3,MEDIANERO
1,A',9,95.66,29654.6,MEDIANERO
1,A',10,112.94,35011.4,MEDIANERO
1,A',11,91.68,30254.4,ESQ/F/ALAMEDA
1,A',12,95.45,30544.0,FRE/ALAMEDA
1,A',13,90.53,28969.6,FRE/ALAMEDA
1,A',14,100.31,32099.2,FRE/ALAMEDA
1,A',15,91.79,29372.8,FRE/ALAMEDA
1,A',16,91.68,29337.6,FRE/ALAMEDA
1,A',17,97.46,31187.2,FRE/ALAMEDA
1,A',18,85.42,28188.6,ESQ/F/ALAMEDA
1,A',19,90.62,28998.4,FRE/ALAMEDA
1,B',1,94.46,31171.8,ESQ/F/ALAMEDA
1,B',2,91.03,29129.6,ESQUINA
1,B',3,90.91,28182.1,MEDIANERO
1,B',4,90.97,28200.7,MEDIANERO
1,B',5,90.02,29706.6,ESQ/F/ALAMEDA
1,C',1,91.12,27336.0,MEDIANERO
1,C',2,91.12,27336.0,MEDIANERO
1,C',3,91.12,27336.0,MEDIANERO
1,C',4,91.12,27336.0,MEDIANERO
1,C',5,91.12,27336.0,MEDIANERO
1,C',6,91.12,27336.0,MEDIANERO
1,C',7,91.12,27336.0,MEDIANERO
1,C',8,91.12,27336.0,MEDIANERO
1,C',9,91.12,27336.0,MEDIANERO
1,C',10,123.0,37515.0,ESQUINA
1,C',11,115.0,35075.0,ESQUINA
1,C',12,91.12,27336.0,MEDIANERO
1,C',13,91.12,27336.0,MEDIANERO
1,C',14,91.12,27336.0,MEDIANERO
1,C',15,91.12,27336.0,MEDIANERO
1,C',16,91.12,27336.0,MEDIANERO
1,C',17,91.12,27336.0,MEDIANERO
1,C',18,91.12,27336.0,MEDIANERO
1,C',19,91.12,27336.0,MEDIANERO
1,C',20,91.12,27336.0,MEDIANERO
1,C',21,87.79,26337.0,MEDIANERO
1,C',22,137.57,41271.0,MEDIANERO
1,C',23,115.4,34620.0,FRE/ALAMEDA
1,C',24,86.05,25815.0,FRE/ALAMEDA
1,C',25,72.39,22078.95,ESQ/F/ALAMEDA
1,D',1,90.31,27544.55,ESQUINA
1,D',2,90.0,27000.0,MEDIANERO
1,D',3,90.0,27000.0,MEDIANERO
1,D',4,90.0,27000.0,MEDIANERO
1,D',5,90.0,27000.0,MEDIANERO
1,D',6,90.0,27000.0,MEDIANERO
1,D',7,90.0,27000.0,MEDIANERO
1,D',8,90.0,27000.0,MEDIANERO
1,D',9,90.0,27000.0,MEDIANERO
1,D',10,90.0,27000.0,MEDIANERO
1,D',11,90.0,27000.0,MEDIANERO
1,D',12,90.0,27000.0,MEDIANERO
1,D',13,90.0,27000.0,MEDIANERO
1,D',14,161.37,49217.85,ESQUINA
1,D',15,127.47,38878.35,ESQUINA
1,D',16,90.0,27000.0,MEDIANERO
1,D',17,90.0,27000.0,MEDIANERO
1,D',18,90.0,27000.0,MEDIANERO
1,D',19,90.0,27000.0,MEDIANERO
1,D',20,90.0,27000.0,MEDIANERO
1,D',21,90.0,27000.0,MEDIANERO
1,D',22,90.0,27000.0,MEDIANERO
1,D',23,90.0,27000.0,MEDIANERO
1,D',24,90.0,27000.0,MEDIANERO
1,D',25,90.0,27000.0,MEDIANERO
1,D',26,90.0,27000.0,MEDIANERO
1,D',27,90.0,27000.0,MEDIANERO
1,D',28,155.3,47366.5,ESQUINA
1,E',1,94.45,28807.25,ESQUINA
1,E',2,99.23,29272.85,MEDIANERO
1,E',3,101.62,29977.9,MEDIANERO
1,E',4,101.75,30016.25,MEDIANERO
1,E',5,155.91,49111.65,ESQ/AVENIDA
1,E',6,109.03,32709.0,AVENIDA
1,E',7,92.73,29209.95,ESQ/AVENIDA
1,E',8,103.92,30656.4,MEDIANERO
1,E',9,92.28,27222.6,MEDIANERO
1,E',10,90.23,27520.15,ESQUINA
1,E',11,104.7,30886.5,MEDIANERO
1,E',12,102.45,30222.75,MEDIANERO
1,F',1,98.41,30015.05,ESQUINA
1,F',2,90.59,26724.05,MEDIANERO
1,F',3,94.22,27794.9,MEDIANERO
1,F',4,99.71,29414.45,MEDIANERO
1,F',5,92.15,27184.25,MEDIANERO
1,F',6,95.93,28299.35,MEDIANERO
1,F',7,94.76,27954.2,MEDIANERO
1,F',8,97.21,30621.15,ESQ/AVENIDA
1,F',9,93.28,29383.2,ESQ/AVENIDA
1,F',10,91.86,27098.7,MEDIANERO
1,F',11,95.34,28125.3,MEDIANERO
1,F',12,94.95,28010.25,MEDIANERO
2,A,1,90.0,22950.0,ESQ/F/PARQ
2,A,2,90.0,21870.0,FRE/PARQ
2,A,3,90.0,21870.0,FRE/PARQ
2,A,4,97.39,24834.0,ESQ/F/PARQ
2,A,5,85.09,19145.25,MEDIANERO
2,A,6,85.22,19174.5,MEDIANERO
2,A,7,85.36,19206.0,MEDIANERO
2,A,8,85.5,19237.5,MEDIANERO
2,A,9,85.64,19269.0,MEDIANERO
2,A,10,85.77,19298.25,MEDIANERO
2,A,11,85.91,19329.75,MEDIANERO
2,A,12,86.05,19361.25,MEDIANERO
2,A,13,86.18,19390.5,MEDIANERO
2,A,14,86.32,19422.0,MEDIANERO
2,A,15,86.46,19453.5,MEDIANERO
2,A,16,86.6,19485.0,MEDIANERO
2,A,17,86.76,19521.0,MEDIANERO
2,A,18,92.86,25401.0,ESQUINA
2,A,19,149.95,36737.75,ESQUINA
2,A,20,90.0,20250.0,MEDIANERO
2,A,21,90.0,20250.0,MEDIANERO
2,A,22,90.0,20250.0,MEDIANERO
2,A,23,90.0,20250.0,MEDIANERO
2,A,24,90.0,20250.0,MEDIANERO
2,A,25,90.0,20250.0,MEDIANERO
2,A,26,90.0,20250.0,MEDIANERO
2,A,27,90.0,20250.0,MEDIANERO
2,A,28,90.0,20250.0,MEDIANERO
2,A,29,90.0,20250.0,MEDIANERO
2,A,30,90.0,20250.0,MEDIANERO
2,B,1,101.25,22781.25,MEDIANERO
2,B,2,101.25,22781.25,MEDIANERO
2,B,3,90.82,22250.9,ESQUINA
2,B,4,92.24,20754.0,MEDIANERO
2,B,5,92.61,22504.23,ESQUINA
2,B,6,101.25,24603.75,FRE/PARQ
2,B,7,101.25,24603.75,FRE/PARQ
2,B,8,90.0,21870.0,FRE/PARQ
2,B,9,90.0,22950.0,ESQ/F/PARQ
2,B,10,90.0,20250.0,MEDIANERO
2,B,11,90.0,20250.0,MEDIANERO
2,B,12,90.0,20250.0,MEDIANERO
2,B,13,90.0,20250.0,MEDIANERO
2,B,14,90.0,20250.0,MEDIANERO
2,B,15,90.0,20250.0,MEDIANERO
2,B,16,90.0,20250.0,MEDIANERO
2,B,17,90.0,20250.0,MEDIANERO
2,B,18,90.0,20250.0,MEDIANERO
2,B,19,90.22,22103.9,ESQUINA
2,B,20,129.82,29209.5,MEDIANERO
2,B,21,93.66,21073.5,MEDIANERO
2,B,22,98.45,22151.25,MEDIANERO
2,B,23,117.15,26358.75,MEDIANERO
2,B,24,91.95,22356.25,ESQUINA
2,B,25,90.0,20250.0,MEDIANERO
2,B,26,90.0,20250.0,MEDIANERO
2,C,1,102.63,26170.65,ESQ/F/PARQ
2,C,2,103.83,25230.69,FRE/PARQ
2,C,3,103.83,25230.69,FRE/PARQ
2,C,4,103.83,25230.69,FRE/PARQ
2,C,5,122.47,29760.21,FRE/PARQ
2,C,6,128.5,31225.5,FRE/PARQ
2,C,7,101.84,24747.12,FRE/PARQ
2,C,8,96.07,23345.01,FRE/PARQ
2,C,9,96.12,24510.6,ESQ/F/PARQ
2,E,1,75.93,18602.85,ESQUINA
2,E,2,76.13,17129.25,MEDIANERO
2,E,3,76.35,17178.75,MEDIANERO
2,E,4,76.57,17228.25,MEDIANERO
2,E,5,76.78,19578.9,ESQ/F/PARQ
2,E,6,90.0,21870.0,FRE/PARQ
2,E,7,90.0,21870.0,FRE/PARQ
2,E,8,90.0,21870.0,FRE/PARQ
2,E,9,90.0,21870.0,FRE/PARQ
2,E,10,90.0,21870.0,FRE/PARQ
2,E,11,90.0,21870.0,FRE/PARQ
2,E,12,90.0,21870.0,FRE/PARQ
2,E,13,90.0,21870.0,FRE/PARQ
2,E,14,90.0,20250.0,MEDIANERO
2,E,15,90.28,22118.6,ESQUINA
2,E,16,90.41,20342.25,MEDIANERO
2,E,17,92.33,22620.85,ESQUINA
2,E,18,90.0,20250.0,MEDIANERO
2,E,19,90.0,20250.0,MEDIANERO
2,E,20,90.0,20250.0,MEDIANERO
2,E,21,90.0,20250.0,MEDIANERO
2,E,22,90.0,20250.0,MEDIANERO
2,E,23,90.0,20250.0,MEDIANERO
2,E,24,90.0,20250.0,MEDIANERO
2,E,25,90.0,20250.0,MEDIANERO
2,E,26,90.0,20250.0,MEDIANERO
2,F,1,82.84,20295.8,ESQUINA
2,F,2,79.2,17820.0,MEDIANERO
2,F,3,76.13,17129.25,MEDIANERO
2,F,4,74.71,16809.75,MEDIANERO
2,F,5,74.79,18323.55,ESQUINA
2,F,6,90.0,20250.0,MEDIANERO
2,F,7,90.0,20250.0,MEDIANERO
2,F,8,90.0,20250.0,MEDIANERO
2,F,9,90.0,20250.0,MEDIANERO
2,F,10,90.0,20250.0,MEDIANERO
2,F,11,90.0,20250.0,MEDIANERO
2,F,12,90.0,20250.0,MEDIANERO
2,F,13,90.0,20250.0,MEDIANERO
2,F,14,102.44,25097.8,ESQUINA
2,F,15,99.46,22378.5,MEDIANERO
2,F,16,99.46,22378.5,MEDIANERO
2,F,17,93.5,22907.5,ESQUINA
2,F,18,90.0,20250.0,MEDIANERO
2,F,19,90.0,20250.0,MEDIANERO
2,F,20,90.0,20250.0,MEDIANERO
2,F,21,90.0,20250.0,MEDIANERO
2,F,22,90.0,20250.0,MEDIANERO
2,F,23,90.0,20250.0,MEDIANERO
2,F,24,90.0,20250.0,MEDIANERO
2,F,25,90.0,20250.0,MEDIANERO
2,I,1,84.36,18981.0,MEDIANERO
2,I,2,66.19,16216.55,ESQUINA
2,I,3,72.0,16200.0,MEDIANERO
2,I,4,72.0,16200.0,MEDIANERO
2,I,5,72.0,16200.0,MEDIANERO
2,I,6,72.0,16200.0,MEDIANERO
2,I,7,72.0,16200.0,MEDIANERO
2,I,8,72.0,16200.0,MEDIANERO
2,I,9,72.0,16200.0,MEDIANERO
2,I,10,72.0,16200.0,MEDIANERO
2,I,11,72.0,16200.0,MEDIANERO
2,I,12,72.0,16200.0,MEDIANERO
2,I,13,72.0,16200.0,MEDIANERO
2,I,14,72.0,16200.0,MEDIANERO
2,I,15,72.0,16200.0,MEDIANERO
2,I,16,72.0,16200.0,MEDIANERO
2,I,17,72.0,16200.0,MEDIANERO
2,I,18,72.0,16200.0,MEDIANERO
2,I,19,129.6,31752.0,ESQ/F/ALAMEDA
2,I,20,95.76,23461.2,FRE/ALAMEDA
2,I,21,92.41,23564.55,ESQ/F/PARQUE
2,I,22,72.0,17496.0,FRE/PARQUE
2,I,23,72.0,17496.0,FRE/PARQUE
2,I,24,72.0,17496.0,FRE/PARQUE
2,I,25,72.0,17496.0,FRE/PARQUE
2,I,26,72.0,17496.0,FRE/PARQUE
2,I,27,72.0,17496.0,FRE/PARQUE
2,I,28,72.0,17496.0,FRE/PARQUE
2,I,29,72.0,17496.0,FRE/PARQUE
2,I,30,72.0,16200.0,MEDIANERO
2,I,31,72.0,16200.0,FRE/EDUCACION
2,I,32,72.0,16200.0,FRE/EDUCACION
2,I,33,72.0,16200.0,FRE/EDUCACION
2,I,34,72.0,16200.0,FRE/EDUCACION
2,I,35,72.0,16200.0,FRE/EDUCACION
2,I,36,72.0,16200.0,FRE/EDUCACION
2,I,37,72.0,16200.0,FRE/EDUCACION
2,I,38,72.0,16200.0,FRE/EDUCACION
2,I,39,79.24,20206.2,ESQ/F/EDUCACION
2,J,1,84.86,19942.1,ESQUINA
2,J,2,72.0,15480.0,MEDIANERO
2,J,3,72.0,15480.0,MEDIANERO
2,J,4,72.0,15480.0,MEDIANERO
2,J,5,72.0,15480.0,MEDIANERO
2,J,6,72.0,15480.0,MEDIANERO
2,J,7,72.0,15480.0,MEDIANERO
2,J,8,72.0,15480.0,MEDIANERO
2,J,9,72.0,15480.0,MEDIANERO
2,J,10,72.0,15480.0,MEDIANERO
2,J,11,72.0,15480.0,MEDIANERO
2,J,12,72.0,15480.0,MEDIANERO
2,J,13,72.0,15480.0,MEDIANERO
2,J,14,72.0,15480.0,MEDIANERO
2,J,15,72.0,15480.0,MEDIANERO
2,J,16,72.0,15480.0,MEDIANERO
2,J,17,72.0,15480.0,MEDIANERO
2,J,18,72.0,17232.9,ESQUINA
2,J,19,72.0,17232.9,ESQUINA
2,J,20,72.0,15480.0,MEDIANERO
2,J,21,72.0,15480.0,MEDIANERO
2,J,22,72.0,15480.0,MEDIANERO
2,J,23,72.0,15480.0,MEDIANERO
2,J,24,72.0,15480.0,MEDIANERO
2,J,25,72.0,15480.0,MEDIANERO
2,J,26,72.0,15480.0,MEDIANERO
2,J,27,72.0,15480.0,MEDIANERO
2,J,28,72.0,15480.0,MEDIANERO
2,J,29,72.0,15480.0,MEDIANERO
2,J,30,72.0,15480.0,MEDIANERO
2,J,31,72.0,15480.0,MEDIANERO
2,J,32,72.0,15480.0,MEDIANERO
2,J,33,72.0,15480.0,MEDIANERO
2,J,34,72.0,15480.0,MEDIANERO
2,J,35,72.0,15480.0,MEDIANERO
2,J,36,76.91,17533.35,ESQUINA
2,K,1,121.78,28618.3,ESQUINA
2,K,2,72.0,15480.0,MEDIANERO
2,K,3,72.0,15480.0,MEDIANERO
2,K,4,72.0,15480.0,MEDIANERO
2,K,5,72.0,15480.0,MEDIANERO
2,K,6,72.0,15480.0,MEDIANERO
2,K,7,72.0,15480.0,MEDIANERO
2,K,8,72.0,15480.0,MEDIANERO
2,K,9,72.0,15480.0,MEDIANERO
2,K,10,72.0,15480.0,MEDIANERO
2,K,11,72.0,15480.0,MEDIANERO
2,K,12,72.0,15480.0,MEDIANERO
2,K,13,72.0,15480.0,MEDIANERO
2,K,14,72.0,15480.0,MEDIANERO
2,K,15,72.0,15480.0,MEDIANERO
2,K,16,80.76,18978.6,ESQUINA
2,K,17,79.11,17008.65,MEDIANERO
2,K,18,77.48,16658.2,MEDIANERO
2,K,19,75.85,17824.75,ESQUINA
2,K,20,72.0,15480.0,MEDIANERO
2,K,21,72.0,15480.0,MEDIANERO
2,K,22,72.0,15480.0,MEDIANERO
2,K,23,72.0,15480.0,MEDIANERO
2,K,24,72.0,15480.0,MEDIANERO
2,K,25,72.0,15480.0,MEDIANERO
2,K,26,72.0,15480.0,MEDIANERO
2,K,27,72.0,15480.0,MEDIANERO
2,K,28,72.0,15480.0,MEDIANERO
2,K,29,72.0,15480.0,MEDIANERO
2,K,30,72.0,15480.0,MEDIANERO
2,K,31,72.0,15480.0,MEDIANERO
2,K,32,72.0,15480.0,MEDIANERO
2,K,33,72.0,15480.0,MEDIANERO
2,K,34,128.77,30260.95,ESQUINA
2,L,1,99.1,23288.5,ESQUINA
2,L,2,72.0,15480.0,MEDIANERO
2,L,3,72.0,15480.0,MEDIANERO
2,L,4,72.0,15480.0,MEDIANERO
2,L,5,72.0,15480.0,MEDIANERO
2,L,6,72.0,15480.0,MEDIANERO
2,L,7,72.0,15480.0,MEDIANERO
2,L,8,72.0,15480.0,MEDIANERO
2,L,9,72.0,15480.0,MEDIANERO
2,L,10,72.0,15480.0,MEDIANERO
2,L,11,72.0,15480.0,MEDIANERO
2,L,12,72.0,15480.0,MEDIANERO
2,L,13,72.0,15480.0,MEDIANERO
2,L,14,72.0,15480.0,MEDIANERO
2,L,15,72.0,15480.0,MEDIANERO
2,L,16,72.0,15480.0,MEDIANERO
2,L,17,99.22,23316.7,ESQUINA
2,L,18,99.74,21444.1,MEDIANERO
2,L,19,96.33,20710.95,MEDIANERO
2,L,20,91.78,21568.3,ESQUINA
2,L,21,72.0,15480.0,MEDIANERO
2,L,22,72.0,15480.0,MEDIANERO
2,L,23,72.0,15480.0,MEDIANERO
2,L,24,72.0,15480.0,MEDIANERO
2,L,25,72.0,15480.0,MEDIANERO
2,L,26,72.0,15480.0,MEDIANERO
2,L,27,72.0,15480.0,MEDIANERO
2,L,28,72.0,15480.0,MEDIANERO
2,L,29,72.0,15480.0,MEDIANERO
2,L,30,72.0,15480.0,MEDIANERO
2,L,31,72.0,15480.0,MEDIANERO
2,L,32,72.0,15480.0,MEDIANERO
2,L,33,72.0,15480.0,MEDIANERO
2,L,34,72.0,15480.0,MEDIANERO
2,L,35,72.0,15480.0,MEDIANERO
2,L,36,83.86,19707.1,ESQUINA
2,M,1,71.28,16750.8,ESQUINA
2,M,2,72.0,15480.0,MEDIANERO
2,M,3,72.0,15480.0,MEDIANERO
2,M,4,72.0,15480.0,MEDIANERO
2,M,5,72.0,15480.0,MEDIANERO
2,M,6,72.0,15480.0,MEDIANERO
2,M,7,72.0,15480.0,MEDIANERO
2,M,8,72.0,15480.0,MEDIANERO
2,M,9,72.0,15480.0,MEDIANERO
2,M,10,72.0,15480.0,MEDIANERO
2,M,11,72.0,15480.0,MEDIANERO
2,M,12,72.0,15480.0,MEDIANERO
2,M,13,72.0,15480.0,MEDIANERO
2,M,14,72.0,15480.0,MEDIANERO
2,M,15,72.0,15480.0,MEDIANERO
2,M,16,72.0,15480.0,MEDIANERO
2,M,17,72.0,15480.0,MEDIANERO
2,M,18,125.72,27029.8,MEDIANERO
2,M,19,149.35,35097.25,ESQUINA
2,M,20,72.0,15480.0,MEDIANERO
2,M,21,72.0,15480.0,MEDIANERO
2,M,22,72.0,15480.0,MEDIANERO
2,M,23,72.0,15480.0,MEDIANERO
2,M,24,72.0,15480.0,MEDIANERO
2,M,25,72.0,15480.0,MEDIANERO
2,M,26,72.0,15480.0,MEDIANERO
2,M,27,72.0,15480.0,MEDIANERO
2,M,28,72.0,15480.0,MEDIANERO
2,M,29,72.0,15480.0,MEDIANERO
2,M,30,72.0,15480.0,MEDIANERO
2,M,31,72.0,15480.0,MEDIANERO
2,M,32,72.0,15480.0,MEDIANERO
2,M,33,72.0,15480.0,MEDIANERO
2,M,34,72.0,15480.0,MEDIANERO
2,M,35,72.0,15480.0,MEDIANERO
2,M,36,72.0,15480.0,MEDIANERO
2,M,37,72.0,15480.0,MEDIANERO
2,M,38,114.81,26980.35,ESQUINA
2,M,39,114.81,24684.15,MEDIANERO
2,N,1,91.73,21556.55,ESQUINA
2,N,2,90.45,19446.75,MEDIANERO
2,N,3,90.45,21074.85,FRE/PARQUE
2,N,4,90.45,21074.85,FRE/PARQUE
2,N,5,90.45,21074.85,FRE/PARQUE
2,N,6,90.45,21074.85,FRE/PARQUE
2,N,7,90.45,19446.75,MEDIANERO
2,N,8,90.45,19446.75,MEDIANERO
2,N,9,88.97,19128.55,MEDIANERO
2,N,10,103.07,24221.45,ESQUINA
2,N,11,90.45,19446.75,MEDIANERO
2,N,12,90.45,19446.75,MEDIANERO
2,N,13,90.45,19446.75,MEDIANERO
2,N,14,90.45,19446.75,MEDIANERO
2,N,15,90.45,19446.75,MEDIANERO
2,N,16,90.45,19446.75,MEDIANERO
2,N,17,90.45,19446.75,MEDIANERO
2,N,18,90.45,19446.75,MEDIANERO
2,N,19,94.28,22155.8,ESQUINA
2,O,1,114.81,25258.2,ESQUINA
2,O,2,138.96,27792.0,MEDIANERO
2,O,3,98.86,19772.0,MEDIANERO
2,O,4,92.67,18534.0,MEDIANERO
2,O,5,95.45,19090.0,MEDIANERO
2,O,6,98.86,19772.0,MEDIANERO
2,O,7,95.73,21060.6,ESQUINA
2,O,8,94.0,18800.0,MEDIANERO
2,O,9,96.13,21148.6,ESQUINA
2,O,10,91.21,18242.0,MEDIANERO
2,O,11,90.37,18146.0,MEDIANERO
2,O,12,90.59,18118.0,MEDIANERO
2,O,13,90.21,18042.0,MEDIANERO
2,O,14,90.15,18030.0,MEDIANERO
2,O,15,76.38,15276.0,MEDIANERO
2,P,1,142.28,33435.8,ESQUINA
2,P,2,90.0,19350.0,MEDIANERO
2,P,3,90.0,19350.0,MEDIANERO
2,P,4,90.0,19350.0,MEDIANERO
2,P,5,90.0,19350.0,MEDIANERO
2,P,6,90.0,19350.0,MEDIANERO
2,P,7,90.0,19350.0,MEDIANERO
2,P,8,90.0,19350.0,MEDIANERO
2,P,9,90.0,19350.0,MEDIANERO
2,P,10,90.0,19350.0,MEDIANERO
2,P,11,90.0,19350.0,MEDIANERO
2,P,12,90.0,19350.0,MEDIANERO
2,P,13,90.0,19350.0,MEDIANERO
2,P,14,90.0,20970.0,FRE/MERCADO
2,P,15,90.0,20970.0,FRE/MERCADO
2,P,16,90.0,20970.0,FRE/MERCADO
2,P,17,90.0,20970.0,FRE/MERCADO
2,P,18,90.0,20970.0,FRE/MERCADO
2,P,19,90.0,20970.0,FRE/MERCADO
2,P,20,90.0,22500.0,ESQ/F/MERCADO
2,P,21,90.0,21150.0,ESQUINA
2,P,22,90.0,20970.0,FRE/PARQUE
2,P,23,90.0,20970.0,FRE/PARQUE
2,P,24,90.0,20970.0,FRE/PARQUE
2,P,25,90.0,20970.0,FRE/PARQUE
2,P,26,90.0,20970.0,FRE/PARQUE
2,P,27,90.0,20970.0,FRE/PARQUE
2,P,28,90.0,20970.0,FRE/PARQUE
2,P,29,90.0,20970.0,FRE/PARQUE
2,P,30,90.0,20970.0,FRE/PARQUE
2,P,31,90.0,19350.0,MEDIANERO
2,P,32,90.0,19350.0,MEDIANERO
2,P,33,90.0,19350.0,MEDIANERO
2,P,34,90.0,19350.0,MEDIANERO
2,P,35,90.0,19350.0,MEDIANERO
2,P,36,90.0,19350.0,MEDIANERO
2,P,37,90.0,19350.0,MEDIANERO
2,P,38,90.0,19350.0,MEDIANERO
2,P,39,103.81,24395.35,ESQUINA
2,Q,1,114.55,28637.5,ESQUINA
2,Q,2,90.0,19350.0,MEDIANERO
2,Q,3,90.0,19350.0,MEDIANERO
2,Q,4,90.0,19350.0,MEDIANERO
2,Q,5,90.0,19350.0,MEDIANERO
2,Q,6,90.0,19350.0,MEDIANERO
2,Q,7,90.0,19350.0,MEDIANERO
2,Q,8,90.0,19350.0,MEDIANERO
2,Q,9,90.0,19350.0,MEDIANERO
2,Q,10,96.4,20726.0,MEDIANERO
2,Q,11,90.0,21150.0,ESQUINA
2,Q,12,90.0,22500.0,ESQ/F/MERCADO
2,Q,13,109.34,23508.1,MEDIANERO
2,Q,14,90.0,19350.0,MEDIANERO
2,Q,15,90.0,19350.0,MEDIANERO
2,Q,16,90.0,19350.0,MEDIANERO
2,Q,17,90.0,19350.0,MEDIANERO
2,Q,18,90.0,19350.0,MEDIANERO
2,Q,19,90.0,19350.0,MEDIANERO
2,Q,20,88.01,20682.35,ESQUINA
2,Q,21,90.42,19440.3,MEDIANERO
2,R,1,120.42,30105.0,ESQ/AVENIDA
2,R,2,96.61,22703.35,ESQUINA
2,R,3,71.11,15288.65,MEDIANERO
2,R,4,85.85,18457.75,MEDIANERO
2,R,5,118.64,27880.4,ESQUINA
2,R,6,94.65,20349.75,MEDIANERO
2,R,7,93.22,20042.3,MEDIANERO
2,R,8,136.95,32183.25,ESQUINA
2,R,9,90.0,21350.0,FRE/MERCADO
2,R,10,90.0,21350.0,FRE/MERCADO
2,R,11,90.0,21350.0,FRE/MERCADO
2,R,12,90.0,21350.0,FRE/MERCADO
2,T,1,112.34,28085.0,ESQ/AVENIDA
2,T,2,109.79,25604.85,AVENIDA
2,T,3,107.24,25056.6,AVENIDA
2,T,4,104.69,24508.35,AVENIDA
2,T,5,102.14,25535.0,ESQ/AVENIDA
2,T,6,90.0,19350.0,MEDIANERO
2,T,7,90.0,19350.0,MEDIANERO
2,T,8,90.0,21150.0,ESQUINA
2,T,9,90.0,19350.0,MEDIANERO
2,T,10,90.0,19350.0,MEDIANERO
2,T,11,90.0,19350.0,MEDIANERO
2,T,12,90.0,21150.0,ESQUINA
2,T,13,90.0,19350.0,MEDIANERO
2,T,14,90.0,19350.0,MEDIANERO
2,U,1,92.67,22240.8,ESQ/AVENIDA
2,U,2,90.12,20277.0,AVENIDA
2,U,3,87.57,19703.25,AVENIDA
2,U,4,85.02,19129.5,AVENIDA
2,U,5,82.47,19792.8,ESQ/AVENIDA
2,U,6,90.0,18450.0,MEDIANERO
2,U,7,90.0,18450.0,MEDIANERO
2,U,8,90.0,18450.0,MEDIANERO
2,U,9,90.0,20250.0,ESQUINA
2,U,10,90.0,18450.0,MEDIANERO
2,U,11,90.0,18450.0,MEDIANERO
2,U,12,90.0,18450.0,MEDIANERO
2,U,13,90.0,20250.0,ESQUINA
2,U,14,90.0,18450.0,MEDIANERO
2,U,15,90.0,18450.0,MEDIANERO
2,U,16,90.0,18450.0,MEDIANERO
2,V,1,63.48,13013.4,MEDIANERO
2,V,2,98.3,20151.5,MEDIANERO
2,V,3,124.25,25471.25,MEDIANERO
2,V,4,92.52,18966.6,MEDIANERO
2,V,5,103.97,24952.8,ESQ/AVENIDA
2,V,6,109.0,24525.0,AVENIDA
2,V,7,106.45,23951.25,AVENIDA
2,V,8,103.9,23377.5,AVENIDA
2,V,9,101.35,22803.75,AVENIDA
2,V,10,98.9,23736.0,ESQ/AVENIDA
2,V,11,90.0,18450.0,MEDIANERO
2,V,12,90.0,18450.0,MEDIANERO
2,V,13,90.0,18450.0,MEDIANERO
2,V,14,135.09,27693.45,MEDIANERO
2,V,15,96.45,21701.25,ESQUINA
3,A,1,100.86,22693.5,ESQ/FRE/PARQUE
3,A,2,98.21,19642.0,AVENIDA
3,A,3,90.0,18000.0,MEDIANERO
3,A,4,90.0,18000.0,MEDIANERO
3,A,5,90.0,19800.0,MEDIANERO
3,A,6,90.0,20250.0,ESQ/AVENIDA
3,B,1,124.35,27357.0,ESQUINA
3,B,2,100.62,20124.0,MEDIANERO
3,B,3,94.06,20693.2,ESQUINA
3,B,4,90.0,18900.0,FRE/PARQUE
3,B,5,90.0,18900.0,FRE/PARQUE
3,B,6,90.0,18900.0,FRE/PARQUE
3,B,7,90.0,18900.0,FRE/PARQUE
3,B,8,90.0,19800.0,ESQUINA
3,B,9,90.0,18000.0,MEDIANERO
3,B,10,90.0,18000.0,MEDIANERO
3,B,11,90.0,18000.0,MEDIANERO
3,B,12,90.0,19800.0,ESQUINA
3,B,13,90.0,18000.0,MEDIANERO
3,B,14,90.0,18000.0,MEDIANERO
3,B,15,90.0,18000.0,MEDIANERO
3,B,16,90.0,18000.0,MEDIANERO
3,B,17,90.0,18000.0,MEDIANERO
3,B,18,90.0,18900.0,FRE/PARQUE
3,C,1,90.0,20250.0,ESQ/PARQUE
3,C,2,90.0,20250.0,ESQ/PARQUE
3,C,3,90.0,18000.0,MEDIANERO
3,C,4,90.0,18000.0,MEDIANERO
3,C,5,90.0,18000.0,MEDIANERO
3,C,6,90.0,18000.0,MEDIANERO
3,C,7,90.0,19800.0,ESQUINA
3,C,8,90.0,18000.0,MEDIANERO
3,C,9,90.0,18000.0,MEDIANERO
3,C,10,90.0,18000.0,MEDIANERO
3,C,11,90.0,19800.0,ESQUINA
3,C,12,90.0,18000.0,MEDIANERO
3,C,13,90.0,18000.0,MEDIANERO
3,C,14,90.0,18000.0,MEDIANERO
3,C,15,90.0,18000.0,MEDIANERO
3,D,1,106.51,23432.2,ESQUINA
3,D,2,102.8,20560.0,MEDIANERO
3,D,3,108.07,23775.4,ESQUINA
3,D,4,90.0,18900.0,FR/PARQUE
3,D,5,90.0,18900.0,FR/PARQUE
3,D,6,90.0,18900.0,FR/PARQUE
3,D,7,90.0,18000.0,MEDIANERO
3,D,8,90.0,18000.0,MEDIANERO
3,D,9,90.0,18000.0,MEDIANERO
3,D,10,90.0,18000.0,MEDIANERO
3,D,11,90.0,18000.0,MEDIANERO
3,D,12,90.0,19800.0,ESQUINA
3,D,13,90.0,18000.0,MEDIANERO
3,D,14,90.0,18000.0,MEDIANERO
3,D,15,90.0,18000.0,MEDIANERO
3,D,16,90.0,19800.0,ESQUINA
3,D,17,90.0,18000.0,MEDIANERO
3,D,18,90.0,18000.0,MEDIANERO
3,D,19,90.0,18000.0,MEDIANERO
3,D,20,90.0,18000.0,MEDIANERO
3,D,21,90.0,18900.0,FR/PARQUE
3,D,22,90.0,18900.0,FR/PARQUE
3,D,23,90.0,18900.0,FR/PARQUE
3,D,24,90.0,18900.0,FR/PARQUE
3,D,25,90.0,18900.0,FR/PARQUE
3,D,26,90.0,18900.0,FR/PARQUE
3,E,1,90.0,22500.0,ESQ/PARQUE
3,E,2,90.0,22500.0,ESQ/PARQUE
3,E,3,90.0,19800.0,MEDIANERO
3,E,4,90.0,19800.0,MEDIANERO
3,E,5,90.0,19800.0,MEDIANERO
3,E,6,90.0,19800.0,MEDIANERO
3,E,7,90.0,20700.0,ESQUINA
3,E,8,90.0,19800.0,MEDIANERO
3,E,9,90.0,19800.0,MEDIANERO
3,E,10,90.0,19800.0,MEDIANERO
3,E,11,90.0,20700.0,ESQUINA
3,E,12,90.0,19800.0,MEDIANERO
3,E,13,90.0,19800.0,MEDIANERO
3,E,14,90.0,19800.0,MEDIANERO
3,E,15,90.0,19800.0,MEDIANERO
3,F,1,90.0,22500.0,ESQUINA
3,F,2,90.0,20700.0,MEDIANERO
3,F,3,90.0,20700.0,MEDIANERO
3,F,4,90.0,20700.0,MEDIANERO
3,F,5,90.0,20700.0,MEDIANERO
3,F,6,90.0,21600.0,ESQUINA
3,F,7,90.0,20700.0,MEDIANERO
3,F,8,90.0,20700.0,MEDIANERO
3,F,9,90.0,20700.0,MEDIANERO
3,F,10,90.0,21600.0,ESQUINA
3,F,11,90.0,21600.0,FRE/PARQUE
3,F,12,90.0,21600.0,FRE/PARQUE
3,F,13,90.0,21600.0,FRE/PARQUE
3,F,14,90.0,21600.0,FRE/PARQUE
3,F,15,90.0,20700.0,MEDIANERO
3,F,16,90.0,21600.0,FRE/PARQUE
3,F,17,90.0,21600.0,FRE/PARQUE
3,F,18,90.0,21600.0,FRE/PARQUE
3,F,19,103.04,25760.0,ESQUINA/PARQUE
3,G,1,121.04,30260.0,ESQUINA/PARQUE
3,G,2,90.0,20700.0,MEDIANERO
3,G,3,90.0,20700.0,MEDIANERO
3,G,4,90.0,20700.0,MEDIANERO
3,G,5,90.0,20700.0,MEDIANERO
3,G,6,90.0,22500.0,ESQUINA/PARQUE
3,G,7,90.0,22500.0,ESQUINA/PARQUE
3,G,8,90.0,20700.0,MEDIANERO
3,G,9,90.0,20700.0,MEDIANERO
3,G,10,90.0,20700.0,MEDIANERO
3,G,11,90.0,20700.0,MEDIANERO
3,G,12,90.0,20700.0,MEDIANERO
3,G,13,90.0,21600.0,FRE/PARQUE
3,G,14,90.0,21600.0,FRE/PARQUE
3,G,15,90.0,21600.0,FRE/PARQUE
3,G,16,90.0,21600.0,FRE/PARQUE
3,G,17,118.4,29600.0,ESQUINA/PARQUE
3,H,1,185.83,46457.5,ESQ/FREN PARQUE
3,H,2,111.05,25541.5,MEDIANERO
3,H,3,116.28,26744.4,MEDIANERO
3,H,4,121.5,27945.0,MEDIANERO
3,H,5,124.74,29937.6,ESQUINA
3,H,6,90.0,20700.0,MEDIANERO
3,H,7,90.0,20700.0,MEDIANERO
3,H,8,90.0,20700.0,MEDIANERO
3,H,9,90.0,20700.0,MEDIANERO
3,H,10,90.0,20700.0,MEDIANERO
3,H,11,90.0,20700.0,MEDIANERO
3,H,12,90.0,20700.0,MEDIANERO
3,H,13,90.0,20700.0,MEDIANERO
3,H,14,90.0,21600.0,FRE/PARQUE
3,H,15,90.0,21600.0,FRE/PARQUE
3,H,16,120.76,28982.4,FRE/PARQUE
3,H,17,90.0,21600.0,ESQUINA
3,H,18,90.0,20700.0,MEDIANERO
3,H,19,90.0,20700.0,MEDIANERO
3,H,20,90.0,20700.0,MEDIANERO
3,H,21,90.0,20700.0,MEDIANERO
3,H,22,120.76,27774.8,MEDIANERO
3,H,23,90.0,20700.0,MEDIANERO
3,H,24,90.0,20700.0,MEDIANERO
3,H,25,90.0,20700.0,MEDIANERO
3,H,26,90.0,20700.0,MEDIANERO
3,H,27,90.0,20700.0,MEDIANERO
3,H,28,90.0,20700.0,MEDIANERO
3,H,29,90.0,20700.0,MEDIANERO
3,H,30,90.0,21600.0,FRE/PARQUE
3,H,31,90.0,21600.0,FRE/PARQUE
3,H,32,90.0,21600.0,FRE/PARQUE
3,I,1,90.0,22500.0,ESQUINA/PARQUE
3,I,2,90.0,22500.0,ESQUINA/PARQUE
3,I,3,90.0,20700.0,MEDIANERO
3,I,4,90.0,20700.0,MEDIANERO
3,I,5,90.0,20700.0,MEDIANERO
3,I,6,90.0,20700.0,MEDIANERO
3,I,7,90.0,20700.0,MEDIANERO
3,I,8,90.0,20700.0,MEDIANERO
3,I,9,90.0,20700.0,MEDIANERO
3,I,10,90.0,21600.0,ESQUINA
3,I,11,90.0,20700.0,MEDIANERO
3,I,12,90.0,20700.0,MEDIANERO
3,I,13,90.0,20700.0,MEDIANERO
3,I,14,90.0,21600.0,ESQUINA
3,I,15,90.0,20700.0,MEDIANERO
3,I,16,90.0,20700.0,MEDIANERO
3,I,17,90.0,20700.0,MEDIANERO
3,I,18,90.0,20700.0,MEDIANERO
3,I,19,90.0,20700.0,MEDIANERO
3,I,20,90.0,20700.0,MEDIANERO
3,I,21,90.0,20700.0,MEDIANERO
3,J,1,90.0,22500.0,ESQ/PARQUE
3,J,2,90.0,20700.0,MEDIANERO
3,J,3,90.0,20700.0,MEDIANERO
3,J,4,90.0,20700.0,MEDIANERO
3,J,5,90.0,20700.0,MEDIANERO
3,J,6,90.0,20700.0,MEDIANERO
3,J,7,90.0,20700.0,MEDIANERO
3,J,8,90.0,20700.0,MEDIANERO
3,J,9,90.0,21600.0,ESQUINA
3,J,10,90.0,20700.0,MEDIANERO
3,J,11,90.0,20700.0,MEDIANERO
3,J,12,90.0,20700.0,MEDIANERO
3,J,13,90.0,22500.0,ESQ/PARQUE
3,J,14,90.0,21600.0,FRE/PARQUE
3,J,15,90.0,21600.0,FRE/PARQUE
3,J,16,90.0,20700.0,MEDIANERO
3,J,17,90.0,20700.0,MEDIANERO
3,J,18,90.0,20700.0,MEDIANERO
3,J,19,90.0,20700.0,MEDIANERO
3,J,20,90.0,20700.0,MEDIANERO
3,J,21,90.0,20700.0,MEDIANERO
3,J,22,90.0,20700.0,MEDIANERO
3,J,23,90.0,20700.0,MEDIANERO
3,J,24,90.0,20700.0,MEDIANERO
3,J,25,141.08,35270.0,ESQ/PARQUE
3,L,1,90.36,21686.4,ESQUINA
3,L,2,89.81,20656.3,MEDIANERO
3,L,3,95.67,22004.1,MEDIANERO
3,L,4,104.62,25108.8,ESQUINA
3,L,5,90.0,20700.0,MEDIANERO
3,L,6,90.0,20700.0,MEDIANERO
3,L,7,90.0,20700.0,MEDIANERO
3,L,8,90.0,20700.0,MEDIANERO
3,L,9,90.0,20700.0,MEDIANERO
3,L,10,90.0,22500.0,ESQUINA/PARQUE
3,L,11,90.0,22500.0,ESQUINA/PARQUE
3,L,12,90.0,20700.0,MEDIANERO
3,L,13,90.0,20700.0,MEDIANERO
3,L,14,90.0,20700.0,MEDIANERO
3,L,15,90.0,20700.0,MEDIANERO
3,L,16,90.0,20700.0,MEDIANERO
3,M,1,104.19,23963.7,MEDIANERO
3,M,2,95.45,21953.5,MEDIANERO
3,M,3,96.43,23143.2,ESQUINA
3,M,4,158.68,39670.0,ESQ/PARQUE
3,M,5,90.0,21600.0,FRE/PARQUE
3,M,6,90.0,21600.0,FRE/PARQUE
3,M,7,115.09,27621.6,FRE/PARQUE
3,M,8,92.4,21252.0,MEDIANERO
3,M,9,132.38,30447.4,MEDIANERO
3,M,10,106.3,24449.0,MEDIANERO
3,M,11,124.13,29791.2,FRE/PARQUE
3,M,12,90.0,21600.0,FRE/PARQUE
3,M,13,90.0,21600.0,FRE/PARQUE
3,M,14,90.0,21600.0,FRE/PARQUE
3,M,15,154.49,38622.5,ESQ/PARQUE
3,M,16,97.79,22491.7,MEDIANERO
3,M,17,90.0,21600.0,ESQUINA
3,M,18,90.0,20700.0,MEDIANERO
3,M,19,121.74,28000.2,MEDIANERO
3,Ñ,1,90.0,22500.0,ESQUINA
3,Ñ,2,90.0,20700.0,MEDIANERO
3,Ñ,3,90.0,20700.0,MEDIANERO
3,Ñ,4,90.0,20700.0,MEDIANERO
3,Ñ,5,90.0,22500.0,ESQUINA
3,Ñ,6,90.0,20700.0,MEDIANERO
3,Ñ,7,90.0,20700.0,MEDIANERO
3,Ñ,8,90.0,20700.0,MEDIANERO
3,Ñ,9,90.0,20700.0,MEDIANERO
3,Ñ,10,90.0,20700.0,MEDIANERO
3,Ñ,11,90.0,21600.0,FRE/PARQUE
3,Ñ,12,90.0,21600.0,FRE/PARQUE
3,Ñ,13,90.0,21600.0,FRE/PARQUE
3,Ñ,14,90.0,21600.0,FRE/PARQUE
3,Ñ,15,90.0,22500.0,ESQ/F/PARQUE
3,Ñ,16,90.0,20700.0,MEDIANERO
3,Ñ,17,90.0,20700.0,MEDIANERO
3,Ñ,18,90.0,22500.0,ESQUINA
3,Ñ,19,90.0,20700.0,MEDIANERO
3,Ñ,20,90.0,20700.0,MEDIANERO
3,Ñ,21,90.0,20700.0,MEDIANERO
3,Ñ,22,90.0,20700.0,MEDIANERO
3,Ñ,23,90.0,20700.0,MEDIANERO
3,Ñ,24,90.0,20700.0,MEDIANERO
3,Ñ,25,90.0,20700.0,MEDIANERO
3,Ñ,26,90.0,20700.0,MEDIANERO
3,O,1,90.0,22500.0,ESQUINA
3,O,2,90.0,20700.0,MEDIANERO
3,O,3,90.0,20700.0,MEDIANERO
3,O,4,90.0,22500.0,ESQ/F/PARQUE
3,O,5,90.0,21600.0,FRE/PARQUE
3,O,6,90.0,21600.0,FRE/PARQUE
3,O,7,90.0,21600.0,FRE/PARQUE
3,O,8,90.0,21600.0,FRE/PARQUE
3,O,9,90.0,20700.0,MEDIANERO
3,O,10,90.0,20700.0,MEDIANERO
3,O,11,90.0,20700.0,MEDIANERO
3,O,12,90.0,22500.0,ESQ/F/PARQUE
3,O,13,90.0,22500.0,ESQ/F/PARQUE
3,O,14,90.0,20700.0,MEDIANERO
3,O,15,90.0,20700.0,MEDIANERO
3,O,16,90.0,20700.0,MEDIANERO
3,O,17,90.0,20700.0,MEDIANERO
3,O,18,90.0,20700.0,MEDIANERO
3,O,19,90.0,20700.0,MEDIANERO
3,P,1,90.0,22500.0,ESQ/F/PARQUE
3,P,2,90.0,21600.0,FRE/PARQUE
3,P,3,90.0,21600.0,FRE/PARQUE
3,P,4,90.0,21600.0,FRE/PARQUE
3,P,5,90.0,22500.0,ESQ/F/PARQUE
3,P,6,90.0,20700.0,MEDIANERO
3,P,7,90.0,20700.0,MEDIANERO
3,P,8,90.0,20700.0,MEDIANERO
3,P,9,90.0,20700.0,MEDIANERO
3,P,10,90.0,20700.0,MEDIANERO
3,P,11,90.0,20700.0,MEDIANERO
3,P,12,90.0,20700.0,MEDIANERO
3,P,13,90.0,20700.0,MEDIANERO
3,P,14,90.0,22500.0,ESQ/F/PARQUE
3,P,15,90.0,20700.0,MEDIANERO
3,P,16,90.0,20700.0,MEDIANERO
3,P,17,90.0,20700.0,MEDIANERO
3,P,18,90.0,22500.0,ESQUINA
3,P,19,90.0,20700.0,MEDIANERO
3,P,20,90.0,20700.0,MEDIANERO
3,P,21,90.0,20700.0,MEDIANERO
3,P,22,90.0,20700.0,MEDIANERO
3,P,23,90.0,20700.0,MEDIANERO
3,P,24,90.0,20700.0,MEDIANERO
3,P,25,90.0,20700.0,MEDIANERO
3,P,26,90.0,20700.0,MEDIANERO
3,Q,1,90.0,22500.0,ESQUINA
3,Q,2,90.0,20700.0,MEDIANERO
3,Q,3,90.0,20700.0,MEDIANERO
3,Q,4,90.0,20700.0,MEDIANERO
3,Q,5,90.0,22500.0,ESQUINA
3,Q,6,90.0,20700.0,MEDIANERO
3,Q,7,90.0,20700.0,MEDIANERO
3,Q,8,90.0,20700.0,MEDIANERO
3,Q,9,90.0,20700.0,MEDIANERO
3,Q,10,90.0,20700.0,MEDIANERO
3,Q,11,90.0,20700.0,MEDIANERO
3,Q,12,90.0,20700.0,MEDIANERO
3,Q,13,90.0,20700.0,MEDIANERO
3,Q,14,90.0,22500.0,ESQUINA
3,Q,15,90.0,20700.0,MEDIANERO
3,Q,16,90.0,20700.0,MEDIANERO
3,Q,17,90.0,20700.0,MEDIANERO
3,Q,18,90.0,22500.0,ESQUINA
3,Q,19,90.0,20700.0,MEDIANERO
3,Q,20,90.0,20700.0,MEDIANERO
3,Q,21,90.0,20700.0,MEDIANERO
3,Q,22,90.0,20700.0,MEDIANERO
3,Q,23,90.0,20700.0,MEDIANERO
3,Q,24,90.0,20700.0,MEDIANERO
3,Q,25,90.0,20700.0,MEDIANERO
3,Q,26,90.0,20700.0,MEDIANERO
3,R,1,90.0,22500.0,ESQUINA
3,R,2,90.0,20700.0,MEDIANERO
3,R,3,90.0,20700.0,MEDIANERO
3,R,4,90.0,20700.0,MEDIANERO
3,R,5,90.0,22500.0,ESQUINA
3,R,6,90.0,20700.0,MEDIANERO
3,R,7,90.0,20700.0,MEDIANERO
3,R,8,90.0,20700.0,MEDIANERO
3,R,9,90.0,20700.0,MEDIANERO
3,R,10,90.0,20700.0,MEDIANERO
3,R,11,90.0,20700.0,MEDIANERO
3,R,12,90.0,20700.0,MEDIANERO
3,R,13,90.0,20700.0,MEDIANERO
3,R,14,90.0,20700.0,MEDIANERO
3,R,15,90.0,20700.0,MEDIANERO
3,R,16,90.0,20700.0,MEDIANERO
3,R,17,90.0,20700.0,MEDIANERO
3,R,18,90.0,20700.0,MEDIANERO
3,R,19,90.0,20700.0,MEDIANERO
3,R,20,90.0,20700.0,MEDIANERO
3,R,21,90.0,20700.0,MEDIANERO
3,R,22,90.0,20700.0,MEDIANERO
3,R,23,90.0,20700.0,MEDIANERO
3,R,24,90.0,20700.0,MEDIANERO
3,R,25,89.23,22500.0,ESQ/AVENIDA
3,R,26,91.79,21600.0,AVENIDA
3,R,27,92.2,21600.0,AVENIDA
3,R,28,93.8,22500.0,ESQ/AVENIDA
3,R,29,90.0,20700.0,MEDIANERO
3,R,30,90.0,20700.0,MEDIANERO
3,R,31,90.0,20700.0,MEDIANERO
3,R,32,90.0,20700.0,MEDIANERO
3,R,33,90.0,20700.0,MEDIANERO
3,R,34,90.0,20700.0,MEDIANERO
3,R,35,90.0,20700.0,MEDIANERO
3,R,36,90.0,20700.0,MEDIANERO
3,R,37,90.0,20700.0,MEDIANERO
3,R,38,90.0,20700.0,MEDIANERO
3,R,39,90.0,20700.0,MEDIANERO
3,R,40,90.0,20700.0,MEDIANERO
3,R,41,90.0,20700.0,MEDIANERO
3,R,42,90.0,20700.0,MEDIANERO
3,R,43,90.0,20700.0,MEDIANERO
3,R,44,90.0,20700.0,MEDIANERO
3,R,45,90.0,20700.0,MEDIANERO
3,S,1,90.0,22500.0,ESQUINA
3,S,2,90.0,20700.0,MEDIANERO
3,S,3,90.0,20700.0,MEDIANERO
3,S,4,90.0,20700.0,MEDIANERO
3,S,5,90.0,22500.0,ESQUINA
3,S,6,90.0,20700.0,MEDIANERO
3,S,7,90.0,20700.0,MEDIANERO
3,S,8,90.0,20700.0,MEDIANERO
3,S,9,90.0,20700.0,MEDIANERO
3,S,10,90.0,20700.0,MEDIANERO
3,S,11,90.0,20700.0,MEDIANERO
3,S,12,90.0,20700.0,MEDIANERO
3,S,13,90.0,20700.0,MEDIANERO
3,S,14,90.0,20700.0,MEDIANERO
3,S,15,90.0,20700.0,MEDIANERO
3,S,16,108.0,24840.0,MEDIANERO
3,S,17,108.0,24840.0,MEDIANERO
3,S,18,157.15,40859.0,ESQ/AVENIDA
3,S,19,131.4,31536.0,AVENIDA
3,S,20,103.13,24751.2,AVENIDA
3,S,21,146.86,35246.4,AVENIDA
3,S,22,118.59,30833.4,ESQ/AVENIDA
3,S,23,90.0,21600.0,FRE/PARQUE
3,S,24,90.0,21600.0,FRE/PARQUE
3,S,25,90.0,21600.0,FRE/PARQUE
3,S,26,90.0,21600.0,FRE/PARQUE
3,S,27,90.0,21600.0,FRE/PARQUE
3,S,28,90.0,21600.0,FRE/PARQUE
3,S,29,90.0,20700.0,MEDIANERO
3,S,30,90.0,20700.0,MEDIANERO
3,S,31,90.0,20700.0,MEDIANERO
3,S,32,90.0,20700.0,MEDIANERO
3,U,1,90.0,21600.0,ESQUINA
3,U,2,90.0,19350.0,MEDIANERO
3,U,3,90.0,19350.0,MEDIANERO
3,U,4,90.0,19350.0,MEDIANERO
3,U,5,90.0,21600.0,ESQUINA
3,U,6,90.0,19350.0,MEDIANERO
3,U,7,90.0,19350.0,MEDIANERO
3,U,8,90.0,19350.0,MEDIANERO
3,U,9,90.0,19350.0,MEDIANERO
3,U,10,90.0,19350.0,MEDIANERO
3,U,11,90.0,19350.0,MEDIANERO
3,U,12,90.0,19350.0,MEDIANERO
3,U,13,90.0,19350.0,MEDIANERO
3,U,14,90.0,21600.0,ESQUINA
3,U,15,90.0,19350.0,MEDIANERO
3,U,16,90.0,19350.0,MEDIANERO
3,U,17,90.0,19350.0,MEDIANERO
3,U,18,90.0,21600.0,ESQUINA
3,U,19,90.0,19350.0,MEDIANERO
3,U,20,90.0,19350.0,MEDIANERO
3,U,21,90.0,19350.0,MEDIANERO
3,U,22,90.0,19350.0,MEDIANERO
3,U,23,90.0,19350.0,MEDIANERO
3,U,24,90.0,19350.0,MEDIANERO
3,U,25,90.0,19350.0,MEDIANERO
3,U,26,90.0,19350.0,MEDIANERO
3,V,1,90.0,21600.0,ESQUINA
3,V,2,90.0,19350.0,MEDIANERO
3,V,3,90.0,19350.0,MEDIANERO
3,V,4,90.0,19350.0,MEDIANERO
3,V,5,90.0,21600.0,ESQUINA
3,V,6,90.0,19350.0,MEDIANERO
3,V,7,90.0,19350.0,MEDIANERO
3,V,8,90.0,19350.0,MEDIANERO
3,V,9,90.0,19350.0,MEDIANERO
3,V,10,90.0,19350.0,MEDIANERO
3,V,11,90.0,19350.0,MEDIANERO
3,V,12,90.0,19350.0,MEDIANERO
3,V,13,90.0,19350.0,MEDIANERO
3,V,14,90.0,21600.0,ESQUINA
3,V,15,90.0,19350.0,MEDIANERO
3,V,16,90.0,19350.0,MEDIANERO
3,V,17,90.0,19350.0,MEDIANERO
3,V,18,90.0,21600.0,ESQUINA
3,V,19,90.0,19350.0,MEDIANERO
3,V,20,90.0,19350.0,MEDIANERO
3,V,21,90.0,19350.0,MEDIANERO
3,V,22,90.0,19350.0,MEDIANERO
3,V,23,90.0,19350.0,MEDIANERO
3,V,24,90.0,19350.0,MEDIANERO
3,V,25,90.0,19350.0,MEDIANERO
3,V,26,90.0,19350.0,MEDIANERO
3,X,1,90.0,21600.0,ESQUINA
3,X,2,90.0,19350.0,MEDIANERO
3,X,3,90.0,19350.0,MEDIANERO
3,X,4,90.0,19350.0,MEDIANERO
3,X,5,90.0,21600.0,ESQUINA
3,X,6,90.0,19350.0,MEDIANERO
3,X,7,90.0,19350.0,MEDIANERO
3,X,8,90.0,19350.0,MEDIANERO
3,X,9,90.0,19350.0,MEDIANERO
3,X,10,90.0,19350.0,MEDIANERO
3,X,11,90.0,19350.0,MEDIANERO
3,X,12,90.0,19350.0,MEDIANERO
3,X,13,90.0,19350.0,MEDIANERO
3,X,14,90.0,21600.0,ESQUINA
3,X,15,90.0,19350.0,MEDIANERO
3,X,16,90.0,19350.0,MEDIANERO
3,X,17,90.0,19350.0,MEDIANERO
3,X,18,90.0,21600.0,ESQUINA
3,X,19,90.0,19350.0,MEDIANERO
3,X,20,90.0,19350.0,MEDIANERO
3,X,21,90.0,19350.0,MEDIANERO
3,X,22,90.0,19350.0,MEDIANERO
3,X,23,90.0,19350.0,MEDIANERO
3,X,24,90.0,19350.0,MEDIANERO
3,X,25,90.0,19350.0,MEDIANERO
3,X,26,90.0,19350.0,MEDIANERO
3,Y,1,90.0,19350.0,MEDIANERO
3,Y,2,90.0,19350.0,MEDIANERO
3,Y,3,90.0,19350.0,MEDIANERO
3,Y,4,90.0,19350.0,MEDIANERO
3,Y,5,90.0,19350.0,MEDIANERO
3,Y,6,90.0,19350.0,MEDIANERO
3,Y,7,90.0,19350.0,MEDIANERO
3,Y,8,90.0,21600.0,ESQUINA
3,Y,9,90.0,19350.0,MEDIANERO
3,Y,10,90.0,19350.0,MEDIANERO
3,Y,11,90.0,19350.0,MEDIANERO
3,Y,12,90.0,21600.0,ESQUINA
3,Y,13,90.0,19350.0,MEDIANERO
3,Y,14,90.0,19350.0,MEDIANERO
3,Y,15,90.0,19350.0,MEDIANERO
3,Y,16,90.0,19350.0,MEDIANERO
3,Y,17,90.0,19350.0,MEDIANERO
3,Y,18,90.0,19350.0,MEDIANERO
3,Y,19,90.0,19350.0,MEDIANERO
3,Z,1,90.0,16920.0,ESQUINA
3,Z,2,90.0,14940.0,MEDIANERO
3,Z,3,90.0,14940.0,MEDIANERO
3,Z,4,90.0,14940.0,MEDIANERO
3,Z,5,90.0,16920.0,ESQUINA
3,Z,6,90.0,14940.0,MEDIANERO
3,Z,7,90.0,14940.0,MEDIANERO
3,Z,8,90.0,14940.0,MEDIANERO
3,Z,9,90.0,14940.0,MEDIANERO
3,Z,10,90.0,14940.0,MEDIANERO
3,Z,11,90.0,14940.0,MEDIANERO
3,Z,12,90.0,14940.0,MEDIANERO
3,Z,13,90.0,14940.0,MEDIANERO
3,Z,14,90.0,16920.0,ESQUINA
3,Z,15,90.0,14940.0,MEDIANERO
3,Z,16,90.0,14940.0,MEDIANERO
3,Z,17,90.0,14940.0,MEDIANERO
3,Z,18,90.0,16920.0,ESQUINA
3,Z,19,90.0,14940.0,MEDIANERO
3,Z,20,90.0,14940.0,MEDIANERO
3,Z,21,90.0,14940.0,MEDIANERO
3,Z,22,90.0,14940.0,MEDIANERO
3,Z,23,90.0,14940.0,MEDIANERO
3,Z,24,90.0,14940.0,MEDIANERO
3,Z,25,90.0,14940.0,MEDIANERO
3,Z,26,90.0,14940.0,MEDIANERO
3,A',1,97.06,18247.28,ESQUINA
3,A',2,90.12,14959.92,MEDIANERO
3,A',3,103.68,19491.84,ESQUINA
3,A',4,115.03,19094.98,MEDIANERO
3,A',5,90.04,14946.64,MEDIANERO
3,A',6,90.04,14946.64,MEDIANERO
3,A',7,91.9,15255.4,MEDIANERO
3,A',8,91.9,17277.2,ESQUINA
3,A',9,90.16,16950.08,ESQUINA
3,A',10,115.47,19168.02,MEDIANERO
3,A',11,90.03,14944.98,MEDIANERO
3,A',12,105.55,17521.3,MEDIANERO
3,B',1,90.0,16920.0,ESQUINA
3,B',2,90.0,14940.0,MEDIANERO
3,B',3,90.0,14940.0,MEDIANERO
3,B',4,90.0,14940.0,MEDIANERO
3,B',5,90.0,14940.0,MEDIANERO
3,B',6,90.0,16920.0,ESQUINA
3,B',7,115.2,19123.2,MEDIANERO
3,B',8,115.2,19123.2,MEDIANERO
3,B',9,115.2,19123.2,MEDIANERO
3,B',10,115.2,19123.2,MEDIANERO
3,B',11,106.21,19967.48,ESQUINA
3,B',12,93.61,15539.26,MEDIANERO
3,B',13,101.13,16787.58,MEDIANERO
3,B',14,123.76,23266.88,ESQUINA
3,B',15,115.2,19123.2,MEDIANERO
3,B',16,115.2,19123.2,MEDIANERO
3,B',17,115.2,19123.2,MEDIANERO
3,B',18,115.2,19123.2,MEDIANERO
3,C',1,125.51,26357.1,ESQUINA
3,C',2,90.0,17100.0,MEDIANERO
3,C',3,90.0,17100.0,MEDIANERO
3,C',4,90.0,17100.0,MEDIANERO
3,C',5,90.0,19800.0,ESQUINA
3,C',6,90.0,18450.0,MEDIANERO
3,C',7,90.0,18450.0,MEDIANERO
3,C',8,90.0,18450.0,MEDIANERO
3,C',9,108.0,23760.0,ESQUINA
3,C',10,97.2,18468.0,MEDIANERO
3,C',11,97.2,18468.0,MEDIANERO
3,C',12,94.72,19891.2,ESQUINA
3,C',13,90.81,17253.9,MEDIANERO
3,D',1,109.74,24142.8,ESQUINA
3,D',2,90.0,18000.0,MEDIANERO
3,D',3,90.0,18000.0,MEDIANERO
3,D',4,90.0,19800.0,ESQUINA
3,D',5,90.0,18000.0,MEDIANERO
3,D',6,90.0,18000.0,MEDIANERO
3,D',7,90.0,18000.0,MEDIANERO
3,D',8,90.0,18000.0,MEDIANERO
3,D',9,90.0,18000.0,MEDIANERO
3,D',10,90.0,18000.0,MEDIANERO
3,D',11,90.0,18000.0,MEDIANERO
3,D',12,90.0,18000.0,MEDIANERO
3,D',13,90.0,18000.0,MEDIANERO
3,D',14,90.0,18000.0,MEDIANERO
3,D',15,90.0,18000.0,MEDIANERO
3,D',16,90.0,19800.0,ESQUINA
3,D',17,107.16,23575.2,ESQUINA
3,D',18,90.64,18128.0,MEDIANERO
3,D',19,102.4,20480.0,MEDIANERO
3,D',20,90.72,18144.0,MEDIANERO
3,D',21,90.29,18058.0,MEDIANERO
3,D',22,91.21,18242.0,MEDIANERO
3,D',23,94.71,18942.0,MEDIANERO
3,D',24,100.57,20114.0,MEDIANERO
3,D',25,106.43,21286.0,MEDIANERO
3,E',1,90.03,20706.9,ESQUINA
3,E',2,118.8,23760.0,MEDIANERO
3,E',3,90.0,20700.0,ESQUINA
3,E',4,90.0,18000.0,MEDIANERO
3,E',5,90.0,18000.0,MEDIANERO
3,E',6,90.0,18000.0,MEDIANERO
3,E',7,90.0,18000.0,MEDIANERO
3,E',8,144.0,33120.0,ESQUINA
3,E',9,118.8,23760.0,MEDIANERO
3,E',10,113.59,22718.0,MEDIANERO
3,E',11,106.96,24600.8,ESQUINA
3,E',12,95.27,19054.0,MEDIANERO
3,E',13,90.1,18020.0,MEDIANERO
3,E',14,90.22,18044.0,MEDIANERO
3,F',1,90.14,22535.0,ESQUINA
3,F',2,90.0,20700.0,MEDIANERO
3,F',3,90.0,20700.0,MEDIANERO
3,F',4,90.0,20700.0,MEDIANERO
3,F',5,90.0,22535.0,ESQUINA
3,F',6,90.0,20700.0,MEDIANERO
3,F',7,90.0,20700.0,MEDIANERO
3,F',8,90.0,20700.0,MEDIANERO
3,F',9,90.0,22535.0,ESQUINA
3,F',10,90.0,20700.0,MEDIANERO
3,F',11,90.0,20700.0,MEDIANERO
3,F',12,90.0,20700.0,MEDIANERO
3,F',13,113.21,22535.0,ESQUINA
3,F',14,90.38,20700.0,MEDIANERO
3,F',15,90.56,20700.0,MEDIANERO
3,G',1,90.34,22585.0,ESQUINA
3,G',2,90.0,20700.0,MEDIANERO
3,G',3,90.0,20700.0,MEDIANERO
3,G',4,90.0,20700.0,MEDIANERO
3,G',5,90.0,20700.0,MEDIANERO
3,G',6,90.0,20700.0,MEDIANERO
3,G',7,90.0,22500.0,ESQUINA
3,G',8,90.0,20700.0,MEDIANERO
3,G',9,90.0,20700.0,MEDIANERO
3,G',10,90.0,20700.0,MEDIANERO
3,G',11,90.0,22500.0,ESQ/F/PARQUE
3,G',12,90.0,21600.0,FRE/PARQUE
3,G',13,90.0,21600.0,FRE/PARQUE
3,G',14,90.0,21600.0,FRE/PARQUE
3,G',15,90.0,21600.0,FRE/PARQUE
3,G',16,90.0,21600.0,FRE/PARQUE
3,G',17,111.25,27812.5,ESQ/F/PARQUE
3,G',18,90.05,20711.5,MEDIANERO
